"","CAS","Species","kelim","Vdist","Fgutabs","kgutabs","V1","Ralphatokelim","Fbetaofalpha","param.value.type","sigma_id","sigma_value","Reference","Data.Analyzed","Compound","LogLikelihood","AIC","model","model.type","beta","alpha","k21","k12","halflife","Vss","CLtot","Varea.or.Vbeta","Css"
"1","1071-83-6","human",0.25,5.56,1,2.19,1,1.2,0.8,"Predicted","sigma2.12",NA,"12","12","glyphosate",-26.4360881947442,64.8721763894883,"2compartment","analytic",NA,NA,NA,NA,NA,NA,NA,NA,NA
"2","1071-83-6","human",0.0121315497226562,NA,NA,2.19000325018357,159.375597673763,13.930993137702,0.00538412246712565,"Fitted geometric mean","sigma2.12",0.0975270499847255,"12","12","glyphosate",-26.4360881947442,64.8721763894883,"2compartment","analytic",0.000909941118979238,0.169018466929152,0.012677428394696,0.145119429930779,761.749486975058,1983.75946790491,1.80510431001105,2124.83307703058,NA
"3","1071-83-6","human",4.44678568068507,NA,NA,321.815025994341,0.244359508304135,4.29382796394197,4.64436372321668,"Fitted geometric std dev","sigma2.12",0.227692809226704,"12","12","glyphosate",-26.4360881947442,64.8721763894883,"2compartment","analytic",NA,NA,NA,NA,NA,NA,NA,NA,NA
