"CAS","Species","kelim","Vdist","Fgutabs","kgutabs","param.value.type","sigma_id","sigma_value","Reference","Data.Analyzed","Compound","LogLikelihood","AIC","model","model.type","CLtot","Css","halflife","tpeak.oral","Cpeak.oral.1mgkg"
"127-00-4","rat",0.25,5.56,1,2.19,"Predicted","sigma2.176",NA,"176","176","1-chloro-2-propanol",-73.9932297657964,155.986459531593,"1compartment","analytic",1.39,0.0299760191846523,2.77258872223978,1.11865768296304,0.440684450351828
"127-00-4","rat",1.37167605521015,16.9123591601876,NA,20.5229053564638,"Fitted geometric mean","sigma2.176",1.16767963089482,"176","176","1-chloro-2-propanol",-73.9932297657964,155.986459531593,"1compartment","analytic",23.1982780971435,0.00179611031871358,0.50532862910824,0.141270733289857,0.291311183450116
"127-00-4","rat",0.0767728430366576,0.198563955745004,NA,0.244167486939645,"Fitted geometric std dev","sigma2.176",0.112164126673534,"176","176","1-chloro-2-propanol",-73.9932297657964,155.986459531593,"1compartment","analytic",0.015244319407149,2.73325857021381,9.02854646439211,6.91183070971566,0
